{
  "numVertices": 30,
  "numEdges": 48,
  "edgeList": {
    "0": { "1": 2, "4": 1, "5": 3 },
    "1": { "2": 4, "6": 1 },
    "2": { "3": 2, "7": 5 },
    "3": { "8": 3 },
    "4": { "5": 1, "9": 6 },
    "5": { "6": 0, "10": 4 },
    "6": { "7": 1, "11": 2 },
    "7": { "12": 3 },
    "8": { "13": 5 },
    "9": { "10": 2, "14": 1 },
    "10": { "11": 3, "15": 4 },
    "11": { "12": 1, "16": 2 },
    "12": { "17": 5 },
    "13": { "18": 4 },
    "14": { "15": 2, "19": 3 },
    "15": { "16": 1 },
    "16": { "17": 2 },
    "17": { "18": 3 },
    "18": { "19": 1, "20": 5 },
    "19": {},
    "20": { "21": 1, "22": 1 },
    "21": { "22": 2, "23": 1 },
    "22": { "23": 1, "24": 2 },
    "23": { "24": 1, "25": 3 },
    "24": { "25": 1 },
    "25": { "26": 4 },
    "26": { "27": 2 },
    "27": { "28": 5 },
    "28": { "29": 1 },
    "29": { "19": 4 }
  },
  "enterVertex": 0,
  "exitVertex": 19,
  "minotaurInitialPos": 28,
  "minotaurDetectionDistance": 6,
  "foodTime": 30
}